--
-- PostgreSQL database dump
--

\restrict jKn7t09WW5MiLZnJauLtfWJX9LIt25YtXnrgQj0aSHIk6UtcdTfFwY3E0FvgPW3

-- Dumped from database version 15.15
-- Dumped by pg_dump version 15.15

SET statement_timeout = 0;
SET lock_timeout = 0;
SET idle_in_transaction_session_timeout = 0;
SET client_encoding = 'UTF8';
SET standard_conforming_strings = on;
SELECT pg_catalog.set_config('search_path', '', false);
SET check_function_bodies = false;
SET xmloption = content;
SET client_min_messages = warning;
SET row_security = off;

SET default_tablespace = '';

SET default_table_access_method = heap;

--
-- Name: categories; Type: TABLE; Schema: public; Owner: app_user
--

CREATE TABLE public.categories (
    id bigint NOT NULL,
    name character varying(100) NOT NULL,
    picture character varying(255) DEFAULT NULL::character varying,
    created_at timestamp(0) without time zone DEFAULT CURRENT_TIMESTAMP NOT NULL,
    deleted_at timestamp(0) without time zone DEFAULT NULL::timestamp without time zone,
    deleted boolean DEFAULT false NOT NULL
);


ALTER TABLE public.categories OWNER TO app_user;

--
-- Name: categories_id_seq; Type: SEQUENCE; Schema: public; Owner: app_user
--

ALTER TABLE public.categories ALTER COLUMN id ADD GENERATED BY DEFAULT AS IDENTITY (
    SEQUENCE NAME public.categories_id_seq
    START WITH 1
    INCREMENT BY 1
    NO MINVALUE
    NO MAXVALUE
    CACHE 1
);


--
-- Name: doctrine_migration_versions; Type: TABLE; Schema: public; Owner: app_user
--

CREATE TABLE public.doctrine_migration_versions (
    version character varying(191) NOT NULL,
    executed_at timestamp(0) without time zone DEFAULT NULL::timestamp without time zone,
    execution_time integer
);


ALTER TABLE public.doctrine_migration_versions OWNER TO app_user;

--
-- Name: messenger_messages; Type: TABLE; Schema: public; Owner: app_user
--

CREATE TABLE public.messenger_messages (
    id bigint NOT NULL,
    body text NOT NULL,
    headers text NOT NULL,
    queue_name character varying(190) NOT NULL,
    created_at timestamp(0) without time zone NOT NULL,
    available_at timestamp(0) without time zone NOT NULL,
    delivered_at timestamp(0) without time zone DEFAULT NULL::timestamp without time zone
);


ALTER TABLE public.messenger_messages OWNER TO app_user;

--
-- Name: messenger_messages_id_seq; Type: SEQUENCE; Schema: public; Owner: app_user
--

ALTER TABLE public.messenger_messages ALTER COLUMN id ADD GENERATED BY DEFAULT AS IDENTITY (
    SEQUENCE NAME public.messenger_messages_id_seq
    START WITH 1
    INCREMENT BY 1
    NO MINVALUE
    NO MAXVALUE
    CACHE 1
);


--
-- Name: order_products; Type: TABLE; Schema: public; Owner: app_user
--

CREATE TABLE public.order_products (
    id bigint NOT NULL,
    quantity integer NOT NULL,
    unit_price numeric(10,2) NOT NULL,
    created_at timestamp(0) without time zone DEFAULT CURRENT_TIMESTAMP NOT NULL,
    deleted_at timestamp(0) without time zone DEFAULT NULL::timestamp without time zone,
    deleted boolean DEFAULT false NOT NULL,
    order_id bigint NOT NULL,
    product_id bigint NOT NULL
);


ALTER TABLE public.order_products OWNER TO app_user;

--
-- Name: order_products_id_seq; Type: SEQUENCE; Schema: public; Owner: app_user
--

ALTER TABLE public.order_products ALTER COLUMN id ADD GENERATED BY DEFAULT AS IDENTITY (
    SEQUENCE NAME public.order_products_id_seq
    START WITH 1
    INCREMENT BY 1
    NO MINVALUE
    NO MAXVALUE
    CACHE 1
);


--
-- Name: orders; Type: TABLE; Schema: public; Owner: app_user
--

CREATE TABLE public.orders (
    id bigint NOT NULL,
    total numeric(10,2) NOT NULL,
    state character varying(50) NOT NULL,
    created_at timestamp(0) without time zone DEFAULT CURRENT_TIMESTAMP NOT NULL,
    deleted_at timestamp(0) without time zone DEFAULT NULL::timestamp without time zone,
    deleted boolean DEFAULT false NOT NULL,
    user_id bigint NOT NULL
);


ALTER TABLE public.orders OWNER TO app_user;

--
-- Name: orders_id_seq; Type: SEQUENCE; Schema: public; Owner: app_user
--

ALTER TABLE public.orders ALTER COLUMN id ADD GENERATED BY DEFAULT AS IDENTITY (
    SEQUENCE NAME public.orders_id_seq
    START WITH 1
    INCREMENT BY 1
    NO MINVALUE
    NO MAXVALUE
    CACHE 1
);


--
-- Name: products; Type: TABLE; Schema: public; Owner: app_user
--

CREATE TABLE public.products (
    id bigint NOT NULL,
    name character varying(150) NOT NULL,
    description text,
    price numeric(10,2) NOT NULL,
    stock integer DEFAULT 0 NOT NULL,
    picture character varying(255) DEFAULT NULL::character varying,
    created_at timestamp(0) without time zone DEFAULT CURRENT_TIMESTAMP NOT NULL,
    deleted_at timestamp(0) without time zone DEFAULT NULL::timestamp without time zone,
    deleted boolean DEFAULT false NOT NULL,
    category_id bigint
);


ALTER TABLE public.products OWNER TO app_user;

--
-- Name: products_id_seq; Type: SEQUENCE; Schema: public; Owner: app_user
--

ALTER TABLE public.products ALTER COLUMN id ADD GENERATED BY DEFAULT AS IDENTITY (
    SEQUENCE NAME public.products_id_seq
    START WITH 1
    INCREMENT BY 1
    NO MINVALUE
    NO MAXVALUE
    CACHE 1
);


--
-- Name: reviews; Type: TABLE; Schema: public; Owner: app_user
--

CREATE TABLE public.reviews (
    id bigint NOT NULL,
    rating integer NOT NULL,
    comment text,
    created_at timestamp(0) without time zone DEFAULT CURRENT_TIMESTAMP NOT NULL,
    deleted_at timestamp(0) without time zone DEFAULT NULL::timestamp without time zone,
    deleted boolean DEFAULT false NOT NULL,
    user_id bigint NOT NULL,
    product_id bigint NOT NULL
);


ALTER TABLE public.reviews OWNER TO app_user;

--
-- Name: reviews_id_seq; Type: SEQUENCE; Schema: public; Owner: app_user
--

ALTER TABLE public.reviews ALTER COLUMN id ADD GENERATED BY DEFAULT AS IDENTITY (
    SEQUENCE NAME public.reviews_id_seq
    START WITH 1
    INCREMENT BY 1
    NO MINVALUE
    NO MAXVALUE
    CACHE 1
);


--
-- Name: users; Type: TABLE; Schema: public; Owner: app_user
--

CREATE TABLE public.users (
    id bigint NOT NULL,
    name character varying(100) NOT NULL,
    email character varying(150) NOT NULL,
    password character varying(255) NOT NULL,
    address character varying(255) DEFAULT NULL::character varying,
    phone character varying(20) DEFAULT NULL::character varying,
    roles json NOT NULL,
    created_at timestamp(0) without time zone DEFAULT CURRENT_TIMESTAMP NOT NULL,
    deleted_at timestamp(0) without time zone DEFAULT NULL::timestamp without time zone,
    deleted boolean DEFAULT false NOT NULL
);


ALTER TABLE public.users OWNER TO app_user;

--
-- Name: users_id_seq; Type: SEQUENCE; Schema: public; Owner: app_user
--

ALTER TABLE public.users ALTER COLUMN id ADD GENERATED BY DEFAULT AS IDENTITY (
    SEQUENCE NAME public.users_id_seq
    START WITH 1
    INCREMENT BY 1
    NO MINVALUE
    NO MAXVALUE
    CACHE 1
);


--
-- Data for Name: categories; Type: TABLE DATA; Schema: public; Owner: app_user
--

COPY public.categories (id, name, picture, created_at, deleted_at, deleted) FROM stdin;
13	Semillas	/products/699ee79e3bdef.png	2026-02-25 12:14:23	\N	f
14	Cultivo	/products/699ee7c5b3b9b.png	2026-02-25 12:15:03	\N	f
15	Parafernalia	/products/699ee7efd9901.webp	2026-02-25 12:15:45	\N	f
16	Iluminación	/products/699ee83b89436.png	2026-02-25 12:17:01	\N	f
17	Fertilizantes	/products/699ee8cf4c10f.png	2026-02-25 12:19:28	\N	f
18	Sustratos	/products/699ee97eb759c.png	2026-02-25 12:22:23	\N	f
19	Control de Clima	/products/699ee9c30e1df.png	2026-02-25 12:23:32	\N	f
20	Cosecha y Secado	/products/699eea2a1f760.png	2026-02-25 12:25:15	\N	f
21	Vaporizadores	/products/699eead5b9b91.png	2026-02-25 12:28:06	\N	f
22	CBD y Cosmética	/products/699eeafbe9e8a.png	2026-02-25 12:28:45	\N	f
\.


--
-- Data for Name: doctrine_migration_versions; Type: TABLE DATA; Schema: public; Owner: app_user
--

COPY public.doctrine_migration_versions (version, executed_at, execution_time) FROM stdin;
DoctrineMigrations\\Version20260225080414	2026-02-25 08:04:14	970
\.


--
-- Data for Name: messenger_messages; Type: TABLE DATA; Schema: public; Owner: app_user
--

COPY public.messenger_messages (id, body, headers, queue_name, created_at, available_at, delivered_at) FROM stdin;
\.


--
-- Data for Name: order_products; Type: TABLE DATA; Schema: public; Owner: app_user
--

COPY public.order_products (id, quantity, unit_price, created_at, deleted_at, deleted, order_id, product_id) FROM stdin;
21	1	45.90	2026-02-25 09:15:22	\N	f	18	116
22	1	12.00	2026-02-25 09:15:22	\N	f	18	117
23	1	10.00	2026-02-25 09:15:22	\N	f	19	96
24	1	10.00	2026-02-25 09:15:22	\N	f	20	158
25	1	10.00	2026-02-25 09:15:22	\N	f	21	136
26	2	10.00	2026-02-25 09:15:22	\N	f	22	154
27	1	10.00	2026-02-25 09:15:22	\N	f	23	134
28	3	10.00	2026-02-25 09:15:22	\N	f	24	139
29	2	10.00	2026-02-25 09:15:22	\N	f	25	191
30	2	10.00	2026-02-25 09:15:22	\N	f	26	130
31	2	10.00	2026-02-25 09:15:22	\N	f	27	129
32	2	10.00	2026-02-25 09:15:22	\N	f	28	167
33	5	25.00	2026-02-25 09:42:23	\N	f	29	156
\.


--
-- Data for Name: orders; Type: TABLE DATA; Schema: public; Owner: app_user
--

COPY public.orders (id, total, state, created_at, deleted_at, deleted, user_id) FROM stdin;
18	57.90	COMPLETED	2026-02-25 09:15:22	\N	f	10
19	55.00	SHIPPED	2026-02-25 09:15:22	\N	f	10
20	45.00	CANCELLED	2026-02-25 09:15:22	\N	f	10
21	170.00	CANCELLED	2026-02-25 09:15:22	\N	f	10
22	61.00	CANCELLED	2026-02-25 09:15:22	\N	f	10
23	52.00	PAID	2026-02-25 09:15:22	\N	f	10
24	67.00	PAID	2026-02-25 09:15:22	\N	f	10
25	112.00	COMPLETED	2026-02-25 09:15:22	\N	f	10
26	98.00	SHIPPED	2026-02-25 09:15:22	\N	f	10
27	38.00	PENDING	2026-02-25 09:15:22	\N	f	10
28	161.00	PAID	2026-02-25 09:15:22	\N	f	10
29	125.00	PENDING	2026-02-25 09:42:23	\N	f	9
\.


--
-- Data for Name: products; Type: TABLE DATA; Schema: public; Owner: app_user
--

COPY public.products (id, name, description, price, stock, picture, created_at, deleted_at, deleted, category_id) FROM stdin;
96	Amnesia Haze (3 uds)	Semillas feminizadas de alta calidad con sabor cítrico.	25.50	100	/products/placeholder.avif	2026-02-25 09:15:22	\N	f	13
97	Northern Lights Auto (5 uds)	Variedad autofloreciente clásica, ideal para principiantes.	35.00	50	/products/placeholder.avif	2026-02-25 09:15:22	\N	f	13
98	OG Kush Feminizada	La leyenda californiana, potente y resinosa.	28.00	80	/products/placeholder.avif	2026-02-25 09:15:22	\N	f	13
99	Semillas Genérico #4	Descripción del producto genérico de la categoría Semillas.	32.00	18	/products/placeholder.avif	2026-02-25 09:15:22	\N	f	13
100	Semillas Genérico #5	Descripción del producto genérico de la categoría Semillas.	73.00	49	/products/placeholder.avif	2026-02-25 09:15:22	\N	f	13
101	Semillas Genérico #6	Descripción del producto genérico de la categoría Semillas.	91.00	16	/products/placeholder.avif	2026-02-25 09:15:22	\N	f	13
102	Semillas Genérico #7	Descripción del producto genérico de la categoría Semillas.	22.00	25	/products/placeholder.avif	2026-02-25 09:15:22	\N	f	13
103	Semillas Genérico #8	Descripción del producto genérico de la categoría Semillas.	11.00	5	/products/placeholder.avif	2026-02-25 09:15:22	\N	f	13
104	Semillas Genérico #9	Descripción del producto genérico de la categoría Semillas.	74.00	0	/products/placeholder.avif	2026-02-25 09:15:22	\N	f	13
105	Semillas Genérico #10	Descripción del producto genérico de la categoría Semillas.	34.00	36	/products/placeholder.avif	2026-02-25 09:15:22	\N	f	13
106	Armario de Cultivo 100x100	Armario robusto y reflectante para interior.	120.00	20	/products/placeholder.avif	2026-02-25 09:15:22	\N	f	14
107	Maceta Textil 11L	Mejora la aireación de las raíces.	4.50	150	/products/placeholder.avif	2026-02-25 09:15:22	\N	f	14
108	Tijeras de Poda Curvas	Precisión para manicurado.	12.90	60	/products/placeholder.avif	2026-02-25 09:15:22	\N	f	14
109	Cultivo Genérico #4	Descripción del producto genérico de la categoría Cultivo.	75.00	29	/products/placeholder.avif	2026-02-25 09:15:22	\N	f	14
110	Cultivo Genérico #5	Descripción del producto genérico de la categoría Cultivo.	50.00	16	/products/placeholder.avif	2026-02-25 09:15:22	\N	f	14
111	Cultivo Genérico #6	Descripción del producto genérico de la categoría Cultivo.	12.00	47	/products/placeholder.avif	2026-02-25 09:15:22	\N	f	14
112	Cultivo Genérico #7	Descripción del producto genérico de la categoría Cultivo.	11.00	9	/products/placeholder.avif	2026-02-25 09:15:22	\N	f	14
113	Cultivo Genérico #8	Descripción del producto genérico de la categoría Cultivo.	51.00	46	/products/placeholder.avif	2026-02-25 09:15:22	\N	f	14
114	Cultivo Genérico #9	Descripción del producto genérico de la categoría Cultivo.	69.00	28	/products/placeholder.avif	2026-02-25 09:15:22	\N	f	14
115	Cultivo Genérico #10	Descripción del producto genérico de la categoría Cultivo.	70.00	22	/products/placeholder.avif	2026-02-25 09:15:22	\N	f	14
116	Bong de Vidrio 30cm	Bong de borosilicato resistente con percolador.	45.90	15	/products/placeholder.avif	2026-02-25 09:15:22	\N	f	15
117	Grinder Metálico 4 partes	Grinder de aluminio con polinizador y espátula.	12.00	200	/products/placeholder.avif	2026-02-25 09:15:22	\N	f	15
118	Papel Raw King Size	Papel de liar natural sin blanquear.	1.50	500	/products/placeholder.avif	2026-02-25 09:15:22	\N	f	15
119	Parafernalia Genérico #4	Descripción del producto genérico de la categoría Parafernalia.	93.00	42	/products/placeholder.avif	2026-02-25 09:15:22	\N	f	15
120	Parafernalia Genérico #5	Descripción del producto genérico de la categoría Parafernalia.	73.00	9	/products/placeholder.avif	2026-02-25 09:15:22	\N	f	15
121	Parafernalia Genérico #6	Descripción del producto genérico de la categoría Parafernalia.	33.00	39	/products/placeholder.avif	2026-02-25 09:15:22	\N	f	15
122	Parafernalia Genérico #7	Descripción del producto genérico de la categoría Parafernalia.	90.00	41	/products/placeholder.avif	2026-02-25 09:15:22	\N	f	15
123	Parafernalia Genérico #8	Descripción del producto genérico de la categoría Parafernalia.	73.00	1	/products/placeholder.avif	2026-02-25 09:15:22	\N	f	15
124	Parafernalia Genérico #9	Descripción del producto genérico de la categoría Parafernalia.	17.00	7	/products/placeholder.avif	2026-02-25 09:15:22	\N	f	15
125	Parafernalia Genérico #10	Descripción del producto genérico de la categoría Parafernalia.	83.00	10	/products/placeholder.avif	2026-02-25 09:15:22	\N	f	15
126	Panel LED 200W Full Spectrum	Iluminación eficiente para crecimiento y floración.	180.00	10	/products/placeholder.avif	2026-02-25 09:15:22	\N	f	16
127	Bombilla HPS 600W	Clásica bombilla de sodio para floración explosiva.	35.00	40	/products/placeholder.avif	2026-02-25 09:15:22	\N	f	16
128	Temporizador Analógico	Controla tus ciclos de luz fácilmente.	6.50	100	/products/placeholder.avif	2026-02-25 09:15:22	\N	f	16
129	Iluminación Genérico #4	Descripción del producto genérico de la categoría Iluminación.	11.00	19	/products/placeholder.avif	2026-02-25 09:15:22	\N	f	16
130	Iluminación Genérico #5	Descripción del producto genérico de la categoría Iluminación.	60.00	50	/products/placeholder.avif	2026-02-25 09:15:22	\N	f	16
131	Iluminación Genérico #6	Descripción del producto genérico de la categoría Iluminación.	52.00	0	/products/placeholder.avif	2026-02-25 09:15:22	\N	f	16
132	Iluminación Genérico #7	Descripción del producto genérico de la categoría Iluminación.	24.00	36	/products/placeholder.avif	2026-02-25 09:15:22	\N	f	16
133	Iluminación Genérico #8	Descripción del producto genérico de la categoría Iluminación.	96.00	14	/products/placeholder.avif	2026-02-25 09:15:22	\N	f	16
134	Iluminación Genérico #9	Descripción del producto genérico de la categoría Iluminación.	6.00	6	/products/placeholder.avif	2026-02-25 09:15:22	\N	f	16
135	Iluminación Genérico #10	Descripción del producto genérico de la categoría Iluminación.	88.00	35	/products/placeholder.avif	2026-02-25 09:15:22	\N	f	16
136	Kit Fertilizantes Orgánicos	Pack completo para crecimiento y floración.	29.95	30	/products/placeholder.avif	2026-02-25 09:15:22	\N	f	17
137	Estimulador de Raíces 500ml	Potencia el sistema radicular.	15.00	50	/products/placeholder.avif	2026-02-25 09:15:22	\N	f	17
138	PK 13/14 1L	Potenciador de floración mineral.	12.50	45	/products/placeholder.avif	2026-02-25 09:15:22	\N	f	17
139	Fertilizantes Genérico #4	Descripción del producto genérico de la categoría Fertilizantes.	65.00	16	/products/placeholder.avif	2026-02-25 09:15:22	\N	f	17
140	Fertilizantes Genérico #5	Descripción del producto genérico de la categoría Fertilizantes.	42.00	40	/products/placeholder.avif	2026-02-25 09:15:22	\N	f	17
141	Fertilizantes Genérico #6	Descripción del producto genérico de la categoría Fertilizantes.	88.00	18	/products/placeholder.avif	2026-02-25 09:15:22	\N	f	17
142	Fertilizantes Genérico #7	Descripción del producto genérico de la categoría Fertilizantes.	13.00	40	/products/placeholder.avif	2026-02-25 09:15:22	\N	f	17
143	Fertilizantes Genérico #8	Descripción del producto genérico de la categoría Fertilizantes.	93.00	28	/products/placeholder.avif	2026-02-25 09:15:22	\N	f	17
144	Fertilizantes Genérico #9	Descripción del producto genérico de la categoría Fertilizantes.	25.00	49	/products/placeholder.avif	2026-02-25 09:15:22	\N	f	17
145	Fertilizantes Genérico #10	Descripción del producto genérico de la categoría Fertilizantes.	22.00	40	/products/placeholder.avif	2026-02-25 09:15:22	\N	f	17
146	Sustrato All Mix 50L	Tierra pre-abonada de alta calidad.	18.50	40	/products/placeholder.avif	2026-02-25 09:15:22	\N	f	18
147	Coco Mix 50L	Fibra de coco lavada y tamponada.	14.00	35	/products/placeholder.avif	2026-02-25 09:15:22	\N	f	18
148	Perlita 10L	Mejora el drenaje y la aireación.	5.00	80	/products/placeholder.avif	2026-02-25 09:15:22	\N	f	18
149	Sustratos Genérico #4	Descripción del producto genérico de la categoría Sustratos.	53.00	46	/products/placeholder.avif	2026-02-25 09:15:22	\N	f	18
150	Sustratos Genérico #5	Descripción del producto genérico de la categoría Sustratos.	77.00	41	/products/placeholder.avif	2026-02-25 09:15:22	\N	f	18
151	Sustratos Genérico #6	Descripción del producto genérico de la categoría Sustratos.	72.00	40	/products/placeholder.avif	2026-02-25 09:15:22	\N	f	18
152	Sustratos Genérico #7	Descripción del producto genérico de la categoría Sustratos.	73.00	9	/products/placeholder.avif	2026-02-25 09:15:22	\N	f	18
153	Sustratos Genérico #8	Descripción del producto genérico de la categoría Sustratos.	83.00	30	/products/placeholder.avif	2026-02-25 09:15:22	\N	f	18
154	Sustratos Genérico #9	Descripción del producto genérico de la categoría Sustratos.	37.00	44	/products/placeholder.avif	2026-02-25 09:15:22	\N	f	18
155	Sustratos Genérico #10	Descripción del producto genérico de la categoría Sustratos.	38.00	30	/products/placeholder.avif	2026-02-25 09:15:22	\N	f	18
157	Filtro de Carbón Antiolor	Elimina olores indeseados eficazmente.	45.00	20	/products/placeholder.avif	2026-02-25 09:15:22	\N	f	19
158	Termohigrómetro Digital	Mide temperatura y humedad con precisión.	10.00	100	/products/placeholder.avif	2026-02-25 09:15:22	\N	f	19
159	Control de Clima Genérico #4	Descripción del producto genérico de la categoría Control de Clima.	46.00	15	/products/placeholder.avif	2026-02-25 09:15:22	\N	f	19
160	Control de Clima Genérico #5	Descripción del producto genérico de la categoría Control de Clima.	51.00	26	/products/placeholder.avif	2026-02-25 09:15:22	\N	f	19
161	Control de Clima Genérico #6	Descripción del producto genérico de la categoría Control de Clima.	80.00	32	/products/placeholder.avif	2026-02-25 09:15:22	\N	f	19
162	Control de Clima Genérico #7	Descripción del producto genérico de la categoría Control de Clima.	99.00	41	/products/placeholder.avif	2026-02-25 09:15:22	\N	f	19
163	Control de Clima Genérico #8	Descripción del producto genérico de la categoría Control de Clima.	62.00	6	/products/placeholder.avif	2026-02-25 09:15:22	\N	f	19
164	Control de Clima Genérico #9	Descripción del producto genérico de la categoría Control de Clima.	68.00	25	/products/placeholder.avif	2026-02-25 09:15:22	\N	f	19
165	Control de Clima Genérico #10	Descripción del producto genérico de la categoría Control de Clima.	81.00	47	/products/placeholder.avif	2026-02-25 09:15:22	\N	f	19
166	Malla de Secado 8 pisos	Seca tu cosecha en poco espacio.	18.00	30	/products/placeholder.avif	2026-02-25 09:15:22	\N	f	20
167	Microscopio 60x LED	Controla la maduración de los tricomas.	8.50	50	/products/placeholder.avif	2026-02-25 09:15:22	\N	f	20
168	Botes de Curado Herméticos	Conserva tus flores en perfecto estado.	12.00	60	/products/placeholder.avif	2026-02-25 09:15:22	\N	f	20
169	Cosecha y Secado Genérico #4	Descripción del producto genérico de la categoría Cosecha y Secado.	21.00	18	/products/placeholder.avif	2026-02-25 09:15:22	\N	f	20
156	Extractor en Línea 125mm	Ventilación básica para armarios pequeños.	25.00	20	/products/placeholder.avif	2026-02-25 09:15:22	\N	f	19
170	Cosecha y Secado Genérico #5	Descripción del producto genérico de la categoría Cosecha y Secado.	80.00	24	/products/placeholder.avif	2026-02-25 09:15:22	\N	f	20
171	Cosecha y Secado Genérico #6	Descripción del producto genérico de la categoría Cosecha y Secado.	66.00	28	/products/placeholder.avif	2026-02-25 09:15:22	\N	f	20
172	Cosecha y Secado Genérico #7	Descripción del producto genérico de la categoría Cosecha y Secado.	21.00	1	/products/placeholder.avif	2026-02-25 09:15:22	\N	f	20
173	Cosecha y Secado Genérico #8	Descripción del producto genérico de la categoría Cosecha y Secado.	68.00	5	/products/placeholder.avif	2026-02-25 09:15:22	\N	f	20
174	Cosecha y Secado Genérico #9	Descripción del producto genérico de la categoría Cosecha y Secado.	81.00	3	/products/placeholder.avif	2026-02-25 09:15:22	\N	f	20
175	Cosecha y Secado Genérico #10	Descripción del producto genérico de la categoría Cosecha y Secado.	86.00	15	/products/placeholder.avif	2026-02-25 09:15:22	\N	f	20
176	Vaporizador Portátil Pro	Vaporización por convección, sabor puro.	99.00	15	/products/placeholder.avif	2026-02-25 09:15:22	\N	f	21
177	Vaporizador de Mesa	Potencia y precisión para sesiones largas.	250.00	5	/products/placeholder.avif	2026-02-25 09:15:22	\N	f	21
178	Bolsas de Recambio	Pack de 5 bolsas para vaporizador.	15.00	40	/products/placeholder.avif	2026-02-25 09:15:22	\N	f	21
179	Vaporizadores Genérico #4	Descripción del producto genérico de la categoría Vaporizadores.	15.00	46	/products/placeholder.avif	2026-02-25 09:15:22	\N	f	21
180	Vaporizadores Genérico #5	Descripción del producto genérico de la categoría Vaporizadores.	46.00	6	/products/placeholder.avif	2026-02-25 09:15:22	\N	f	21
181	Vaporizadores Genérico #6	Descripción del producto genérico de la categoría Vaporizadores.	33.00	1	/products/placeholder.avif	2026-02-25 09:15:22	\N	f	21
182	Vaporizadores Genérico #7	Descripción del producto genérico de la categoría Vaporizadores.	40.00	30	/products/placeholder.avif	2026-02-25 09:15:22	\N	f	21
183	Vaporizadores Genérico #8	Descripción del producto genérico de la categoría Vaporizadores.	84.00	26	/products/placeholder.avif	2026-02-25 09:15:22	\N	f	21
184	Vaporizadores Genérico #9	Descripción del producto genérico de la categoría Vaporizadores.	24.00	36	/products/placeholder.avif	2026-02-25 09:15:22	\N	f	21
185	Vaporizadores Genérico #10	Descripción del producto genérico de la categoría Vaporizadores.	86.00	0	/products/placeholder.avif	2026-02-25 09:15:22	\N	f	21
186	Aceite CBD 10% 10ml	Aceite Full Spectrum de alta calidad.	35.00	50	/products/placeholder.avif	2026-02-25 09:15:22	\N	f	22
187	Crema Alivio Muscular CBD	Bálsamo recuperador con efecto frío/calor.	22.00	30	/products/placeholder.avif	2026-02-25 09:15:22	\N	f	22
188	Flores CBD Amnesia 2g	Cogollos aromáticos sin THC.	10.00	100	/products/placeholder.avif	2026-02-25 09:15:22	\N	f	22
189	CBD y Cosmética Genérico #4	Descripción del producto genérico de la categoría CBD y Cosmética.	50.00	50	/products/placeholder.avif	2026-02-25 09:15:22	\N	f	22
190	CBD y Cosmética Genérico #5	Descripción del producto genérico de la categoría CBD y Cosmética.	13.00	37	/products/placeholder.avif	2026-02-25 09:15:22	\N	f	22
191	CBD y Cosmética Genérico #6	Descripción del producto genérico de la categoría CBD y Cosmética.	56.00	14	/products/placeholder.avif	2026-02-25 09:15:22	\N	f	22
192	CBD y Cosmética Genérico #7	Descripción del producto genérico de la categoría CBD y Cosmética.	92.00	47	/products/placeholder.avif	2026-02-25 09:15:22	\N	f	22
193	CBD y Cosmética Genérico #8	Descripción del producto genérico de la categoría CBD y Cosmética.	30.00	18	/products/placeholder.avif	2026-02-25 09:15:22	\N	f	22
194	CBD y Cosmética Genérico #9	Descripción del producto genérico de la categoría CBD y Cosmética.	79.00	22	/products/placeholder.avif	2026-02-25 09:15:22	\N	f	22
195	CBD y Cosmética Genérico #10	Descripción del producto genérico de la categoría CBD y Cosmética.	17.00	22	/products/placeholder.avif	2026-02-25 09:15:22	\N	f	22
\.


--
-- Data for Name: reviews; Type: TABLE DATA; Schema: public; Owner: app_user
--

COPY public.reviews (id, rating, comment, created_at, deleted_at, deleted, user_id, product_id) FROM stdin;
40	5	¡Increíble bong! Enfría el humo perfectamente.	2026-02-25 09:15:22	\N	f	10	116
41	5	Buen producto, cumple su función.	2026-02-25 09:15:22	\N	f	9	123
42	3	Buen producto, cumple su función.	2026-02-25 09:15:22	\N	f	9	186
43	3	Buen producto, cumple su función.	2026-02-25 09:15:22	\N	f	9	97
44	5	Buen producto, cumple su función.	2026-02-25 09:15:22	\N	f	10	126
45	4	Buen producto, cumple su función.	2026-02-25 09:15:22	\N	f	10	114
46	3	Buen producto, cumple su función.	2026-02-25 09:15:22	\N	f	9	156
47	5	Buen producto, cumple su función.	2026-02-25 09:15:22	\N	f	9	99
48	3	Buen producto, cumple su función.	2026-02-25 09:15:22	\N	f	10	193
49	3	Buen producto, cumple su función.	2026-02-25 09:15:22	\N	f	9	160
50	3	Buen producto, cumple su función.	2026-02-25 09:15:22	\N	f	10	157
51	3	Buen producto, cumple su función.	2026-02-25 09:15:22	\N	f	9	129
52	3	Buen producto, cumple su función.	2026-02-25 09:15:22	\N	f	10	103
53	4	Buen producto, cumple su función.	2026-02-25 09:15:22	\N	f	9	174
54	3	Buen producto, cumple su función.	2026-02-25 09:15:22	\N	f	9	165
55	4	Buen producto, cumple su función.	2026-02-25 09:15:22	\N	f	9	100
56	3	Buen producto, cumple su función.	2026-02-25 09:15:22	\N	f	9	171
57	5	Buen producto, cumple su función.	2026-02-25 09:15:22	\N	f	9	151
58	3	Buen producto, cumple su función.	2026-02-25 09:15:22	\N	f	10	109
59	3	Buen producto, cumple su función.	2026-02-25 09:15:22	\N	f	10	190
60	5	Buen producto, cumple su función.	2026-02-25 09:15:22	\N	f	9	169
61	5	Buen producto, cumple su función.	2026-02-25 09:15:22	\N	f	9	147
62	3	Buen producto, cumple su función.	2026-02-25 09:15:22	\N	f	9	139
63	5	Buen producto, cumple su función.	2026-02-25 09:15:22	\N	f	9	140
64	4	Buen producto, cumple su función.	2026-02-25 09:15:22	\N	f	10	113
65	3	Buen producto, cumple su función.	2026-02-25 09:15:22	\N	f	9	143
66	5	Buen producto, cumple su función.	2026-02-25 09:15:22	\N	f	10	101
67	4	Buen producto, cumple su función.	2026-02-25 09:15:22	\N	f	10	97
68	3	Buen producto, cumple su función.	2026-02-25 09:15:22	\N	f	9	127
69	5	Buen producto, cumple su función.	2026-02-25 09:15:22	\N	f	9	150
70	5	Buen producto, cumple su función.	2026-02-25 09:15:22	\N	f	10	106
\.


--
-- Data for Name: users; Type: TABLE DATA; Schema: public; Owner: app_user
--

COPY public.users (id, name, email, password, address, phone, roles, created_at, deleted_at, deleted) FROM stdin;
9	Grow Master Admin	admin@example.com	$2y$13$UAkYq32lLAu3Z6Kg9Mr/aef4HfMSnsfj5N4ew3bpFeV6n8T4Ovl/m	Calle del Humo 420, Madrid	\N	["ROLE_ADMIN"]	2026-02-25 09:15:21	\N	f
10	Juan Cultivador	user@example.com	$2y$13$bty6SHFvN1EfYLC1KDJtvuafyqwZlV9unrERp2VxI7bqIVkpPqgzq	Avenida de la Resina 7, Barcelona	\N	["ROLE_USER"]	2026-02-25 09:15:21	\N	f
\.


--
-- Name: categories_id_seq; Type: SEQUENCE SET; Schema: public; Owner: app_user
--

SELECT pg_catalog.setval('public.categories_id_seq', 22, true);


--
-- Name: messenger_messages_id_seq; Type: SEQUENCE SET; Schema: public; Owner: app_user
--

SELECT pg_catalog.setval('public.messenger_messages_id_seq', 1, false);


--
-- Name: order_products_id_seq; Type: SEQUENCE SET; Schema: public; Owner: app_user
--

SELECT pg_catalog.setval('public.order_products_id_seq', 33, true);


--
-- Name: orders_id_seq; Type: SEQUENCE SET; Schema: public; Owner: app_user
--

SELECT pg_catalog.setval('public.orders_id_seq', 29, true);


--
-- Name: products_id_seq; Type: SEQUENCE SET; Schema: public; Owner: app_user
--

SELECT pg_catalog.setval('public.products_id_seq', 195, true);


--
-- Name: reviews_id_seq; Type: SEQUENCE SET; Schema: public; Owner: app_user
--

SELECT pg_catalog.setval('public.reviews_id_seq', 70, true);


--
-- Name: users_id_seq; Type: SEQUENCE SET; Schema: public; Owner: app_user
--

SELECT pg_catalog.setval('public.users_id_seq', 10, true);


--
-- Name: categories categories_pkey; Type: CONSTRAINT; Schema: public; Owner: app_user
--

ALTER TABLE ONLY public.categories
    ADD CONSTRAINT categories_pkey PRIMARY KEY (id);


--
-- Name: doctrine_migration_versions doctrine_migration_versions_pkey; Type: CONSTRAINT; Schema: public; Owner: app_user
--

ALTER TABLE ONLY public.doctrine_migration_versions
    ADD CONSTRAINT doctrine_migration_versions_pkey PRIMARY KEY (version);


--
-- Name: messenger_messages messenger_messages_pkey; Type: CONSTRAINT; Schema: public; Owner: app_user
--

ALTER TABLE ONLY public.messenger_messages
    ADD CONSTRAINT messenger_messages_pkey PRIMARY KEY (id);


--
-- Name: order_products order_products_pkey; Type: CONSTRAINT; Schema: public; Owner: app_user
--

ALTER TABLE ONLY public.order_products
    ADD CONSTRAINT order_products_pkey PRIMARY KEY (id);


--
-- Name: orders orders_pkey; Type: CONSTRAINT; Schema: public; Owner: app_user
--

ALTER TABLE ONLY public.orders
    ADD CONSTRAINT orders_pkey PRIMARY KEY (id);


--
-- Name: products products_pkey; Type: CONSTRAINT; Schema: public; Owner: app_user
--

ALTER TABLE ONLY public.products
    ADD CONSTRAINT products_pkey PRIMARY KEY (id);


--
-- Name: reviews reviews_pkey; Type: CONSTRAINT; Schema: public; Owner: app_user
--

ALTER TABLE ONLY public.reviews
    ADD CONSTRAINT reviews_pkey PRIMARY KEY (id);


--
-- Name: users users_pkey; Type: CONSTRAINT; Schema: public; Owner: app_user
--

ALTER TABLE ONLY public.users
    ADD CONSTRAINT users_pkey PRIMARY KEY (id);


--
-- Name: idx_5242b8eb4584665a; Type: INDEX; Schema: public; Owner: app_user
--

CREATE INDEX idx_5242b8eb4584665a ON public.order_products USING btree (product_id);


--
-- Name: idx_5242b8eb8d9f6d38; Type: INDEX; Schema: public; Owner: app_user
--

CREATE INDEX idx_5242b8eb8d9f6d38 ON public.order_products USING btree (order_id);


--
-- Name: idx_6970eb0f4584665a; Type: INDEX; Schema: public; Owner: app_user
--

CREATE INDEX idx_6970eb0f4584665a ON public.reviews USING btree (product_id);


--
-- Name: idx_6970eb0fa76ed395; Type: INDEX; Schema: public; Owner: app_user
--

CREATE INDEX idx_6970eb0fa76ed395 ON public.reviews USING btree (user_id);


--
-- Name: idx_75ea56e0fb7336f0e3bd61ce16ba31dbbf396750; Type: INDEX; Schema: public; Owner: app_user
--

CREATE INDEX idx_75ea56e0fb7336f0e3bd61ce16ba31dbbf396750 ON public.messenger_messages USING btree (queue_name, available_at, delivered_at, id);


--
-- Name: idx_b3ba5a5a12469de2; Type: INDEX; Schema: public; Owner: app_user
--

CREATE INDEX idx_b3ba5a5a12469de2 ON public.products USING btree (category_id);


--
-- Name: idx_e52ffdeea76ed395; Type: INDEX; Schema: public; Owner: app_user
--

CREATE INDEX idx_e52ffdeea76ed395 ON public.orders USING btree (user_id);


--
-- Name: uniq_identifier_email; Type: INDEX; Schema: public; Owner: app_user
--

CREATE UNIQUE INDEX uniq_identifier_email ON public.users USING btree (email);


--
-- Name: unique_order_product; Type: INDEX; Schema: public; Owner: app_user
--

CREATE UNIQUE INDEX unique_order_product ON public.order_products USING btree (order_id, product_id);


--
-- Name: unique_user_product_review; Type: INDEX; Schema: public; Owner: app_user
--

CREATE UNIQUE INDEX unique_user_product_review ON public.reviews USING btree (user_id, product_id);


--
-- Name: order_products fk_5242b8eb4584665a; Type: FK CONSTRAINT; Schema: public; Owner: app_user
--

ALTER TABLE ONLY public.order_products
    ADD CONSTRAINT fk_5242b8eb4584665a FOREIGN KEY (product_id) REFERENCES public.products(id) ON DELETE CASCADE;


--
-- Name: order_products fk_5242b8eb8d9f6d38; Type: FK CONSTRAINT; Schema: public; Owner: app_user
--

ALTER TABLE ONLY public.order_products
    ADD CONSTRAINT fk_5242b8eb8d9f6d38 FOREIGN KEY (order_id) REFERENCES public.orders(id) ON DELETE CASCADE;


--
-- Name: reviews fk_6970eb0f4584665a; Type: FK CONSTRAINT; Schema: public; Owner: app_user
--

ALTER TABLE ONLY public.reviews
    ADD CONSTRAINT fk_6970eb0f4584665a FOREIGN KEY (product_id) REFERENCES public.products(id) ON DELETE CASCADE;


--
-- Name: reviews fk_6970eb0fa76ed395; Type: FK CONSTRAINT; Schema: public; Owner: app_user
--

ALTER TABLE ONLY public.reviews
    ADD CONSTRAINT fk_6970eb0fa76ed395 FOREIGN KEY (user_id) REFERENCES public.users(id) ON DELETE CASCADE;


--
-- Name: products fk_b3ba5a5a12469de2; Type: FK CONSTRAINT; Schema: public; Owner: app_user
--

ALTER TABLE ONLY public.products
    ADD CONSTRAINT fk_b3ba5a5a12469de2 FOREIGN KEY (category_id) REFERENCES public.categories(id) ON DELETE SET NULL;


--
-- Name: orders fk_e52ffdeea76ed395; Type: FK CONSTRAINT; Schema: public; Owner: app_user
--

ALTER TABLE ONLY public.orders
    ADD CONSTRAINT fk_e52ffdeea76ed395 FOREIGN KEY (user_id) REFERENCES public.users(id) ON DELETE CASCADE;


--
-- PostgreSQL database dump complete
--

\unrestrict jKn7t09WW5MiLZnJauLtfWJX9LIt25YtXnrgQj0aSHIk6UtcdTfFwY3E0FvgPW3

